No.1 : ,"Mac超絶初心者です。９８の頃かraWindows一択だったのですが(対応ソフトが少ない、遊びたいSLGが少ない、デザイナー専門、周りに持っている人が一人だけ
。なおガチ勢）、この度急に購入意欲が沸き購入。Amazonで買ったのですが、14時間で届きました。今まで最大の懸念とも言えた、「右クリックはどうするの？」「ホイ
ールでスクロールするには、やっぱり画面橋のバーをジリジリいじるしかないの？」とかありました。タッチパッドの右下を右クリック扱いにしたり、スクロールは二本指で上下
に滑らせる感じで使えたりと、「これならわざわざMac対応のマウスはいらないかな？」と思えるくらいで、快適です。だめだったってんをあげれば、・YouTubeはiP
honeやiPadのように専門のアプリがあるわけではなく、ブラウザのブックマークからの起動になりそうです。・Finderという、Windowsでいうエクスプロー
ラーの使い方がまだまだ勉強不足。基本的にMac系はどどど素人なので、覚えがいはありそうです。思ったより体感的に使えるので長く使えそうです。なお、ファンレスなので
すが、思った以上に本体が熱くなりません。最近使用しているゲーミングノートが爆熱を発するから、尚更感じるのでしょうけど。"
No.2 : ,キビキビ動くよ。
No.3 : ,"Windows機しか所有したことありませんでしたが、思っていたよりMacの所有満足度は高いです。初期設定では使いにくいところや、ショートカットキーが独特なので
覚えるまでは大変ですがYouTubeで解説している動画も多いのでWindowsからの乗り換えでも心配無いと思います。"
No.4 : ,"◯ （２日間の）感想【重要な追記あり】液晶の画質は、明暗の立体感が再現された期待以上の美しさです。マイナス点は、イヤホン端子です。64ohmのイヤホンすらまと
もに鳴らせません。（音質を検索しましたら、ハイインピーダンスのヘッドフォンにも対応と書かれていました。イヤホン音の期待が外れてから、視聴には使っておりませんので
、のちに再視聴します。不具合ではないように…）（再視聴しましたが… イヤホンに不適切な設定に？…
）【重要な追記】イヤホンを替えながら再視聴していましたら、音が良くなりました。（以前は、ポータブルアンプのヘッドホン用
Direct端子に接続したような割れた音でした）。？？なぜかはわかりませんが嬉しく、『アナと雪の女王２』を MacBook
Airでは初めて視聴しました。（高い買い物でしたのでホッと）。【さらに追記】映画視聴には良いですが、ボーカル再生（厚み？情報量？）は、旧MacBook
Proおよびモバイルアンプに比して劣ると思います。◯ 他に購入した物・「 Logicool Signature M750MRO ワイヤレスマウス
静音レギュラーサイズ」（4527円）・「 tomtoc 360°耐衝撃 パソコンケース 13インチ MacBook Air
M2/M1」（2890円）・「エレコム USB C(TM)-Lightningケーブル 1.0m ブルー U2C-APCL10BU 」（1400円）・「
MOKiN USB Type C ハブ 6in1…」（2549円）・エレコム マウスパッド リストレスト一体型ハードMP-096GY（982円）◯
注意１Amazonで アップルケアを本体とセットで注文しますと、延長保証期間は３年足らずになりました。Amazon販売店は、出荷日を売買契約の成立日と定めていて
、カード支払いもこの日です。商品保証書には、販売日として出荷日が記載されています。ゆえに、一年保証の起点は出荷日です。（本来ならば、商品到着日が一年保証の始まり
だと思うのですが）。ところが、アップルケアのメールを見ますと、「（実質は予約）注文日」を保証期間の起点にしています。アップルケアについて検索してみますと、App
leの公式では、『AppleCare+の購入日から3年間に延長されます』「購入日」は、Amazonの規約では「出荷日」のはずです。もし、アップルケアをパソコンの
一週間後に購入しますと、いつがアップルケアの「購入日」になるのでしょう？（上の公式文章は、「１年間が」３年間に延長、という意味ではないのでしょうか？そうであれば
、注文日を起点とするのは間違いだと思います）。◯ 注意２MacBook Airを最初に起動しますと、最初にアップル ID（メールアドレスと長いパスワード）を入れ
て、つぎに管理者（管理責任者）のアカウント（入室会員証、名前と簡単なパスワード）を決めます。このアカウントの名前を「漢字」で入力しますと、自動で次のホーム名（ユ
ーザー名）に読み仮名がアルファベットで入ります。この読み仮名のアルファベットが間違っている場合（例えば、山田を sanda ）
は、その場で訂正しないと後で変更するのが大変なようです。私は、OSのアップデートを済ませて iPhoneの完全なバックアップも済ませて、Finderの設定で表示
項目を増やしてから、表示されたユーザー名の文字が違うことに気がつきました。最も簡単な方法は、「すべてのコンテンツと設定を消去…」（OSシステムはそのまま）でした
。（と思います）。実際にやってみましたら、意外と時間は短時間で済み、しかも OSのアップデート済みはそのままでした。ここでも注意することがあります。「Wi-
Fiを選択して下さい」画面のどこにもワイファイの一覧は出ていません！正解は、上のメニューバーの右端に、「うっすらと見えるWi-
Fiの扇マーク」です。ここをクリックすると、一覧が出てきました。◯ 注意３Amazonプライムビデオは、映画視聴に Google Chromeを推奨しています。
iOS上のアプリ Safariでは充分キレイに視聴できますが、Mac OSX上のアプリ Safariでは遅延やチラつきなど画質が（相変わらず）落ちていました。◯
注意４（普通の追記）過去の音質の良い MacBook ProはOS
Xが古いため、新しいMac（iTunesアプリも無く）とは同期せずに処分済みです。そして恐ろしいことになりました。MacBookAirに
iPhoneを接続して、iPhone内の最新の状態のミュージック（ライブラリ）を、まだ素の状態の MacBook
Air内のミュージックと同期しようとしました。『ミュージックを◯◯の iPhoneと同期』　　 ↓『既存のミュージック・映画・テレビ番組・およびブックをこの
iPhoneから削除し、このライブラリと同期してもよろしいですか？他のライブラリから
iPhoneに同期されたミュージック、映画、テレビ番組、およびブックが削除され、このライブラリのものが同期されます』過去の MacBook Pro（
iTunesアプリ）では、『iPhoneから転送しますか？』を選択して、 iPhoneと同じ「最新の状態」に同期できたと記憶しています。しかし、今の Mac
OS Xのアプリ（Finder）では、『転送しますか？』という選択肢がありません。（Apple IDは同一なのに）。どうやら、現在、アップルのサイトで使われてい
る言葉『同期』は、ミュージックを「最新の状態」にするものではないようです。（恐ろしいことに）再び、手作業で「ミュージック」アプリに
CDなどを一つ一つ読む込む必要があります。（読み込みは「ミュージック」、同期は「Finder」という謎仕様）。※ 過去の
iTunesアプリは、中の音楽ファイルと共に外付けHDDへ、一度コピー保存したことがありました。上書き消去していなければ、音楽ファイルを MacBook
Airへコピーできます（次の休みの日に確認）。※ メニューバー左端の Appleマーク → 「システム設定」 → 「デスクトップと Dock」 →
一番下の「ホットコーナー」これは、昔からある便利な機能です。"
No.5 : ,"本体が軽いのとは反対に，性能が高くて驚きました．操作が少し独特ではありますが，慣れてくるとかなり使いやすく感じるようになってきました．画面が13インチなのです
が，ディスプレイが縦に長いので，一般的な15.6インチラップトップと同じぐらい画面が広いように感じるメリットがあります．ただし，文字を大きくして使用したい方や，
アプリウィンドウをたくさん開きたい方は15インチモデルのほうがいいかもしれません．"
No.6 : ,スターライトの色は上品さがあってよかったです。指紋もあまり目立ちません。
No.7 : ,何も問題なく使えてます。少し型落ちだけど気にならない
No.8 : ,見た目がカッコよくて大満足！軽いし持ち運びにも最適です！指紋は目立ちますが、問題なし！
No.9 : ,"古いiMacとMacBook Proを使用していましたが、サポート終了し動きがとても遅くなってしまったので急遽買い替えました。仕事で使うわけでもないし、安かっ
たのでこれを選びました。ただ、かわいいと思ったミッドナイトが、結構指紋が目立つのが気になります。そこだけ不満です。"
No.10 : ,WindowsからのMacBookで悪戦苦闘しています。早く使いこなせればとてもスタイリッシュで早くていいと思います。
No.11 : ,やはり、MacBook  良いですね。M3チップも購入しようかな？  検討中です。
No.12 : ,可もなく不可もなし
No.13 : ,"セールだったので思い切って買いました。Windowsからの切り替えです。まだ慣れていませんが、新しいこと調べたり覚えたりするのが楽しいです。分割にしましたが、
回数が選べると良かった。高額なものなので、10回払いとか20回払いなどあると良かったです！"
No.14 : ,"2013年からMacBook
Airを10年以上使い、バッテリー性能がかなり悪くなっていたので買い替えました。データ移行もスムーズで買った日から使いこなせて満足しています。"
No.15 : ,思ったよりボディカラーが青かったです。
No.16 : ,"ずっとMac派です、家のパソコンはMacと決まっていました。なので、このM2チップのMacの進化はすごいなとびっくりしています。前のはIntelのMacでした
が、まずバッテリーの持続時間も超長く使えるようになりました。そして、起動も驚くほど速く起動します。インターネットでホームページを閲覧する時もサクサクと動いてくれ
るので超最高です。ただ、バッテリーが大きくなったのか、若干重さも感じるのは私だけでしょうか。でも、これなら五つ星間違いないです。"
No.17 : ,"ブラックフライデーでセール対象になっていたので購入。はじめての MacBookだったがとても薄くて軽くて気に入った。充電持ちもとても良く、一日中問題なく作業で
きるレベルである。またアップル製品との連携がとても便利で、デバイス感のコピーアンドペーストや開いているブラウザのタブを引き継げるのがとても使い勝手が良い。アイパ
ッドを無線でサブディスプレイ化できるのもとてもびっくりした。"
No.18 : ,買って良かった！Apple製品最高です。素人でも使いやすいし見た目も使用感もいい！
No.19 : ,"しかしいい商品だが、Vaio Pro VJPG11、１０万を４年ほど使って買い替えだが、比べてキーは同じ、キーが明るく点灯する同じ、軽さはVaioが軽い、US
BもたくさんついてVaio勝ち、あと１っか月使うと何となくわかるが、マック、重くなりすぎ動作が、いい点はイラレの時の画質良い、プリントアウトした印字状態も好み、
音が良い、画面が綺麗ということ、ソフトはやはりマックOSは少なすぎ、ただキャプチャがコマンド矢印５の同時押しでできたり、iPhone持ちならすでに繋がってるWi
-Fiは勝手に繋がるし便利、　自分はVaio４年であまりにも不具合がなく、がしかしバッテリー劣化もあり、、、以前は元々IBM THINKPADのX３２などのユー
ザー、winny時代でしたが、ドック使ったりして、そこからレノボ、NEC東芝と２年ごとに買い替え、、とにかく１年もすれば動かなくなるのですわ皆、でVaioには感
動してました、マックは素人ですが、もうすでに重くなり出してるので、なんかなーと思っってます、１っか月経ってのレビューです。"
No.20 : ,"Windowsを使い慣れた人には少々使いにくいかも知れません。デザインは最高だと思います。使い方にもよると思いますがバッテリーは一日使っても余っていました。内
蔵スピーカーの音質も良く、画面も綺麗なのですが画面が光沢仕様なので反射が気になります。また、USBタイプCが2個あるだけなので拡張性が気になります。タッチパネル
が使用できたらもっと良いのですが...."
No.21 : ,"512GB、M2チップ
のモデルを購入しました。M2チップの速さに感激し、バッテリー寿命も長く、発熱も少ないです。スターライトの色も素敵です☆以前のMacBook
Airと比べると全体的に厚みがありますので、残念ながら星４つにしました。でも買ってよかったです。"
No.22 : ,仕事で使っています
No.23 : ,"2013年モデルから買い替えでした。M2チップは驚くほど早く快適です。購入後すぐにトラックパッドが効かなくなりました。アップルサポートに連絡をしたら保証期間と
いうことで丁寧に対応していただきました。Amazonで購入してもアップルで1年間はサポートしていただけます。トラックパッドが効かなくなったのは、「Karabin
a」というソフトを入れてしまったからでしたが、サポートの方はそのあたりも詳しくてすぐに解決していただけました。"
No.24 : ,"Appleの価格設定は全てに自社の思い通りに設定、本体、ハード用品も買ってからも 物入りです（装備品もカット）傾向です　　私は音楽系アプリとの相性、各種プログ
ラムの連携と長年の慣れでApple一択ですが　やはりお高いのでもう少し消費者に還元する考えが無いものか、、、。"
No.25 : ,MacBook Proからの移行。熱くならんし、スクエアがいい。15インチと迷ったけどやはりこのサイズが好き
No.26 : ,"とにかく処理速度が早いです。ウィンドウズを利用している人も乗り換えるとその速さに驚くでしょう。基本的にストレスフリーで楽しめるのではないかと思います。特に故障
もなく快適に利用できています。"
No.27 : ,音楽ソフトの管理用に買いましたが、サクサク動いて画面も綺麗で良いです。ただし指紋や傷は目立ちます。
No.28 : ,"画面が綺麗で動きもサクサク普段Windowsを使用してましたので、まだMacの動きに対応できていませんが、タッチや指の使い方でさまざまな動きがあるので、勉強す
れば使いやすくなるのかなと思ってますこれから使用していくのでMacが使いやすくなってくれることを祈ってます"
No.29 : ,"機能、バッテリーの持ちなどには全く不満がない。唯一キーボードにほこりが入りやすく、アップルストアで無料で修理はしてもらえたが、油断するとキーの下にゴミが入って
しまうので、しょっちゅうエアダスターをかけないといけないのが唯一の欠点。"
No.30 : ,好用
No.31 : ,"そろそろ新MacBook-Air が出そうなので待とうかと思いましたが、私の使い方なら今のAirでも十分ですし、安くなっていたので購入したすることに。Wind
owsでは16MBメモリーくらい無いと動作が遅いと感じるこの頃でしたが、apple
のM2チップなら8MBで十分！とのいろいろなコメントを見て安い8MBにしました。シャキッと動いてくれて8MBで十分です。良き相棒になっています^_^"
No.32 : ,既にM2 Mac miniを使用してるので、その性能や使い勝手については、予想通りでした。使用頻度は少ないのですが、出張などには大変重宝してます。
No.33 : ,前の２台が、液晶が一番先に具合悪くなったので、今回も心配している。
No.34 : ,すぐに無事商品が届きました。プライベートでの使い勝手は十分です。
No.35 : ,"長年、Windows PC、並びにChrome
bookを使用。慣れもあるのだろうけど、今一つ馴染め切れず。但し、バッテリーの持ちは抜群。2〜3時間／日に使用では、週に一度前後しか充電せず"
No.36 : ,"信じられないことにMacO Sventura13.0の日本語辞書で外部辞書の一括取り込みができないことが購入後に判明！以前のMacでは一括取り込みできたのに、
と言うか一括とり込みのできない辞書機能は今時、どのOSでもありえないことです。全く使い物にならない。買って後悔しています。←このあと、問題が解決しました。”go
ogle日本語入力”に変えることで、辞書の一括取り込みができ、現時点では快適に使えています。MacO
Sventura13.0でもgoogle日本語入力が軽快に使えています。”買って後悔”は取り消させていただきます。"
No.37 : ,"MacBook Proをほぼ同時期に買っており動画編集以外を全てこちらで済ませておりますライトにつかうならこれ一択新しい画面が大きいものが出ましたがこちらで十
分だと思いますオフィスで大きさが欲しければデスクトップかサブモニターでいいと思います"
No.38 : ,商品も最高ですが、Amazonの商品発送の早さにびっくり、今後もよろしくお願いします。
No.39 : ,何もゆうこと無し。
No.40 : ,"前持っていたMacBookPro：2.5GHz i5/4GB/500GB を使っていましたが、OSも古くなって、今回思い切って交換しました。MavBook
Air：Apple M2 8GB では、やはり抜群です！動作も速やかですし、キッチリと処理をしてくれていますので、良い感じです。ただ　以前のOSでの対応で使えて
いたソフト等が、今回のAirでは読みきれない物もあって、古いのを別なHDDに取り込んだりしていますが、全てができる状況ではないのは残念です。まあ　この点では仕方
がないのですが、今の日々で必要な処理を進めているので、これも良しですねぇ。"
No.41 : ,"MacBookは10年ぶりといったところですが、とにかく、充電問題。このM2搭載機に変えてから充電問題で悩んだ事がありません。ただ、以外と、パラレルを使ってい
るとメモリ使う感じなので、困っているほどではありませんが、できれば16にしたかったです。軽さや所有感、使用感は大満足です！！！"
No.42 : ,MacbookProの代替に、自宅での利用するパソコンとして購入しました。立ち上がりが早く、パソコンは薄くそして軽い、どこへでも持ち運べて使い易いです。
No.43 : ,"M1Proを搭載したMacBook Pro14/16インチともに所有しており、さらにサブ機として本機をセール時に176000円(ポイント約6000円還元)で購
入しました。M1Proの廉価版としてのM2ですが、Adobe系のアプリとsafari、メール等を同時に立ち上げてももたつく事なくサクサクと動作してくれてます。私
はあくまでサブ機利用ですのでメモリ8GBの吊るし上位モデルを購入しましたが、メイン利用するならメモリ16GBにCTOしたほうが無難でしょう。本当はあまり望ましく
ないかも知れませんが本機はファンレス機構という事もあり、ベッドの上でも甘んじて使ってます笑あとはスピーカーの音質が良くなれば最高ですが…あくまでAirですからO
Kです。"
No.44 : ,映像編集とかだと多分ちょい重いと思う！でも簡単な作業とか資料作るのならこれで充分です！動作もかるければ本体重量も軽いです！
No.45 : ,"iPadPro、iPhoneは使用していますが、ＰＣは初めて。ウインドウズと作法が違うので、操作方法は初歩から勉強しています。写真の現像などで使って、と思って
います。Airだけあって持ち運びも便利です。これからどしどし使い込んでいきたいと思っています。"
No.46 : ,"MacBook 12 inch (2015)が最近のOSに非対応で、バッテリーの持ちが悪くなってきたため、買い換えました。元々MacBook12のスペックは高
くなかったので当然かもしれませんが、買い換えて何でもサクサク動くことに感激しています。また、バッテリーがなかなか減りません。ただし、MacBook12に比べると
厚みがあり重いので外出用には今もMacBook12を愛用、MacBook Airは自宅用としています。この性能とバッテリーの持ちを思うと多少の重さはやむを得ぬこ
とと思いますが、Airの名前とイメージ画像から期待したよりは重かったので軽さは星4つとしました。総合的にはあまり重いソフトを使わない私にとって星5つです。"
No.47 : ,"パソコンなのに写真の通り大きい箱にぺらぺらの紙3枚で覆われていただけでした。余白ありすぎだし緩衝材もなしです。箱にパソコンとも書かれていなかったのでどんな状態
で運ばれてきたのか不安です。充電も0の状態でちゃんと作動するのかは充電してからではないと分かりません。安い買い物ではなかったので最低限の梱包をしてほしかったです
。"
No.48 : ,初のmacbookでしたが、問題なく使えています。iPhoneと操作が似ている安心感あります
No.49 : ,電池持ちが良いです。見た目も良くてテンションが上がります。
No.50 : ,まあ、この値段で不満足ってことはあり得ない。むしろ高いので買い替えはどんどん減っていくはず・・・
No.51 : ,ミッドナイトという名称にも惹かれて購入してみたが実物はほとんど黒、他の黒の機種と並べると違いはある
No.52 : ,"スマホはAndroidではなく、断然iPhone派。パソコンもWindowsではなく、Mac派と言いたい所ですが…世間的にもWindows離れが加速し出してき
ているので、思い切ってMacデビュー。正直使い勝手がWindowsと違うので、悪戦苦闘。少しずつMacに慣れてきだして、Macの良さを分かり始めてきた感じです。
WindowsのExcelよりも、Googleのスプレッドシートの方が使いやすいとなってきたタイミングで乗り換えた感じなので覚えようという気持ちも継続できている
のだと思います。間違いなく見た目は昔からカッコよかったのですが、改めて持ってみるとカッコいいと痺れています。"
No.53 : ,"8年ぶりくらいにMac Airを買い替えました。M2チップの速さに感動しています。SSDが512GBだと少し少なく感じますが、外部HDDにデータを逃して問題な
く使えています。インテルチップに比べて、バッテリー持ちもよく、発熱もかなり少ないと思います。"
No.54 : ,普段使いように購入しました。サクサク動いて快適に使えています。
No.55 : ,見た目、機能共に最高です！セールで安く買えて大満足です！
No.56 : ,MacBook 12インチからの買い足し。使い方に問題があるかも知れないが、思っていたほどでは無かった。まあ、概ね良好。
No.57 : ,買ってよかった、使いやすいし、いろいろできる気がする。
No.58 : ,好きなタイプ。最高、薄い
No.59 : ,進級を機にMacBook ProからAirに買い替えたのですがProに比べて軽くて毎日の通学にも助かっています。
No.60 : ,"今更ですが、入れ替え前の2020インテルマックとは比較にならないほど早いです。また当方はAdobeを使って動画以外の編集を行なっていますが、Photoshop
に関してはデスクトップのRyzen5900xより早いほど。PhotoshopとエクセルとブラウザとPDFを開いて作業しても、メモリ8GBで問題ありません。ただ画
面出力は1画面に限定されるのと、外部モニターメインの使い方をするのであれば、メモリは16GBほしいかなと思いました。当方は打ち合わせに持ち出すのと、ちょっとした
作業のみを行うための機種なので、まったく不満はありません。M2のMac miniとM2のMacairがあればとても快適に過ごせそうですね。"
No.61 : ,初めてのノートPC。欲しかったMacBook Airがセールでお安く買えて良かったです！画質が綺麗！サクサク速い！
No.62 : ,"入院中の母の為に購入。母が高齢のため、画面が大きい事と、充電の持ちがよい物を探して購入しました♬最初は、操作が不慣れな母でしたが、操作を教えてしばらくすると、
インターネット検索や、動画の見方もマスターし使いこなしてました！購入前は、他と比べると値段が安いので、正直 動作についてはあまり期待はしていませんでしたが、画面
のタッチの感度もよく、動画もサクサク！母も好きなドラマが大画面で見れることに、とっても喜んでくれました！もう少し早く購入してあげれば良かったです。"
No.63 : ,二世代前のMacBook Airとは雲泥の差です
No.64 : ,"M1 mac book airのuserです。家族のために買いました。M1と比べて劇的というわけでないですが、更に動作は早くなっています。またミッドナイトとい
う濃い色合い、M1と比べて少し厚みと丸み(軽い)があり、キーボードも少し深くなって。まだ少し触っただけですが、その美しさに少し興奮してしまいました笑一方、値段に
関してはとにかく高い！今後、メモリも8Gでは足りなくなるし、追加費用が優しくないです。しかしながら、総合的に満足の行く商品だと思います。"
No.65 : ,スペックと値段が割に合わないのは昔からですが、ハードウェアの完成度が非常に高かった。所有欲を満たしてくれるただディスプレイが少し荒いと感じた
No.66 : ,とてもいいです。数年前に購入したMacBook Proを使用中でしたが、新しいのはやはり気持ちがいいです。
No.67 : ,"５~6年ぶりにMacBookから買い替え。最初に気がついたことを何点か。電池持ちが凄い。画面がきれい。カメラ部分はちょっとまだ慣れない。持ち運びしやすく、カフ
ェでの作業でもちょうど良い大きさ。長く使いたい。"
No.68 : ,"購入初日背景が白い画面を見ると画面左端５ミリぐらいのところに縦の罫線のようなものが表示されており、全く消えないのでサポートに確認したところ初期不良でした。返送
・修理期間使えないことを考えると、アマゾン購入が原因かは分かりませんが心配になるぐらいなら次回からは正規品で買った方がいいと感じました。"
No.69 : ,"いやー、素晴らしいですね。ずっとWindowsを使ってきたのですが、起動が不安定で時間がかかるのに嫌気がさしてMacにしてみました。兎に角いいです。まだ使い慣
れていませんが、フタを開けて指を乗せればすぐに使えるのが本当に便利。どのソフトもサクサク動くのにも感動しています。今までのイライラや無駄に費やした時間はなんだっ
たんでしょう。もっと早くMacにするんでした。"
No.70 : ,"買ってみてわかったことですが、メモリ８GBは少ないです。ネット見たり軽い作業くらいなら使えますが、ちょっと何か重めの作業や複数を同時進行すると、すぐ足りなくな
ります。メモリ容量は買う前に、使用目的に照らし合わせてよくよく検討した方がいいと思います。とりあえず８GBは最低限のメモリ容量だと思った方がいいでしょう。"
No.71 : ,画麺もバッテリー持続時間も満足です
No.72 : ,エアですけど結構ズッシリします。だからといって重いという感じではありません。バッテリーはフル充電して省エネモードにするとかなり保ちます。気に入ってます。
No.73 : ,爆速だわ。
No.74 : ,数多のレビューがありますが、上を見たらキリがありません。ツルシのモデルであり一番売れるこの構成が悪いわけなく、迷っている方の背中を全力で押します。
No.75 : ,使い心地が最高です。
No.76 : ,"大きな買い物なのに返品不可で、アナウンスも下までスクロールしないと読めない位置に書いてあります。Appleのカスタマーセンターに相談したところ、Amazonの
「Apple」のページは公式のAppleStoreのページに似せて作成している別物だと言われました。値引前の値段が公式の定価よりかなり高く設定してある時点でカラ
クリに気づくべきでした。目先の値引きやポイントに釣られてネットショッピングをするのは辞めて、大切なものを買う時は対面にしようと決心できたので感謝しています。"
No.77 : ,Good
No.78 : ,"商品自体はすばらしいです。ただ、配達がおかしい・・不在カードはポストに入っていましたが宅配BOXのカギは締まっておらず、こんな高価な商品をそのまま入れていても
し取られたら運送業者が責任を取るんですかね？商品は全く問題がないですが運送に関しては大いに問題があるとおもいますよ。。改善を希望します。"
No.79 : ,買ったのたが、本来期待してた物と違ったので、返品しようとしたのだが、返品出来ないとの事　普通グリーングオフ出来ると思うのだが、くれぐれも買う時ご注意してください
No.80 : ,"購入後開封し蓋を開けても電源つかず。電源ボタンを押しても起動せず。充電ケーブルを繋いで電源ボタンを押すと起動しました。初期設定が終わりバッテリーを見ると10%
くらいでした。今まで数々のアップル製品を買ってきましたが、ここまでバッテリーが消耗してたのは初めてでした。追記:M1からの乗り換えですが、画面の細枠化やボディの
変更でいいもの感がかなり上がりました。満足です。あと気がついた点は、スリープ時のバッテリー消費がM1よりかなり下がりました。M1の時はスリープだと減りすぎるので
シャットダウンしていました。中身は移行アシスタントでコピーしたのでアプリ等同じですので不思議です。"
No.81 : ,"こちらで購入（2023/9/2）した、MBA 2022(M2 13inch）の保証期限が2024/03/20でした。いざという時に保証を受けようとしても期限切
れでは洒落になりません。Appleサポートに電話して保証期限を変更してもらいましょう。システム設定 > 一般 > 限定保証の有効期限に記載があります。製品の品質
は問題ありません。気に入って使っております。目につくよう当面のところ★1にしました。この書き込みで一人でも気づいてくれますように。"
No.82 : ,"2022年9月に購入、2023年10月に、電源が入らない不具合発生。家電量販店のApple認定修理コーナーに持っていくと、大修理が必要との事。修理見積額約95
000円。ヘビーユーザーではなく、大切に扱っていましたが、この状況に。M2チップですが、私の使用環境では、そのパフォーマンスを実感出来ませんでした。私はiPho
neやiPadも使用しており、Apple製品は好きなので、アンチではありません。私がハズレを引いただけかも知れませんが、これから購入をご検討の方の参考になればと
思い。"
No.83 : ,購入して3日目でバッテリー不良でバッテリー交換せざるを得なくなりました。新品でなぜそのような事が起きるのか不思議です。
No.84 : ,"仕事用として職場のデスクおよび外出先で10年以上にわたって愛用してきたMac Book Pro 15インチですが、年月が経過し流石に古くなってmac OS
10.15 Catalinaから上にmac osのアップデートができなくなっていましたし、office macなどいくつかのソフトでは起動が遅く、度々フリーズが
起こるようになっていました。そこで2〜3年前からはそろそろ更新をしなければと思っていましたが、ずっと先送りとなっていました。縁あって昨年から非常勤講師としてとあ
る国公立大学で講義を担当することになり、講義で使うスライド作成のため動画や画像の編集を行う必要もありハイスペックなノートパソコンの必要性に迫られたたため、ようや
く購入に踏み切れました。先ごろまでのタッチバーがついたモデルが気に入ってなかったことも大きな要因ではあったかと思います。　10年前にはmac book
airとmac book proでは性能の差を感じ、やはりmac book proを使っていきたいと思ったものですが、最新のmac book
airはかつてのmac book proを超える性能となっています。むしろmac book
proは文字通りプロ仕様と思えるスペック・価格になっています。それゆえ今回はmac book airを選びました。作業効率を優先すると13インチよりも15インチ
に軍配は上がりますが、外出先へ携帯して使用することも考慮すると、やはり13インチのコンパクトさや軽量さは魅力でした。結局のところ、どうしても大画面が必要な作業は
自宅書斎に置いてあるimacで行うこととし13インチモデルを選択することにしました。せっかく購入するならスペックの高いマシンを長く使って行きたいという思いでM2
チップのモデルを選んでいます。　8GBユニファイドメモリ・256GB SSDストレージのモデルをメモリーは24GB・ストレージは1TBへとアップしました。Ama
zonではカスタマイズできないことと教職員学生割引を使えないことで、やむなくアップルのホームページより購入しております。欲を言えばですがAmazonでもストレー
ジやメモリーをカスタマイズしたmacが購入できる環境にあると最高なんですが・・・　Retinaの美麗な画面・優秀なM2チップで快適なパソコン環境が得られました。
mac osも最新のものにして、最新のソフトをサクサクと操れる環境にも大満足です。Thnderbolt対応のUSB-Cポートが2つ付いており、ハブを併用すること
で問題なく周辺機器にも接続できています。しばらく使ってみて思うことですが、充電性能というかバッテリー性能の向上が素晴らしいです。1時間かからずフル充電されますし
、動画・音声を使用しないoffceを使った作業であれば20時間程度まで連続使用できます。Wi-Fi接続や音声など電力を消費する作業が多いと連続使用可能時間は短縮
しますが、それでも10時間程度までは使用可能ですので出張などで持ち運んで使用する際にも安心して使えています。M2チップでの稼働も非常に優秀でした。office
macでの作業はもちろんですが、動画編集や写真加工などメモリーを多く使う作業も相当スムースに進められています。　新しいmac book
airに代えて一番良かったことは、自宅の書斎にあるimacとこちらのmac book airの連携がシームレスになり、USBなどで書類や資料を持ち運んで移し替え
る作業がほぼ必要なくなったことでしょう。やはりPCは定期的に更新して最新の環境で使えるようにするのが一番効率的なのでしょう。　最後にですが、デザインや音楽などの
仕事でmacを使用される方でなければmac book proでなく、mac book airでも十分なスペックですので安心して購入されて良いかと思います。"
No.85 : ,"これまで、MacBook Pro Corei5 1.4GHz 13inch Mid 2020を使っていましたが、KeynoteでのプレゼンやZoomでのカンフ
ァレンスを始めると、フォーンと音をたてて内蔵ファンがものすごい勢いで回り始め、あっという間にバッテリーが減っていくのが、ほとほと嫌になり、M2 MacBook
Airに買い換えました。今どきSSD 256GBではさすがに少ないので、メモリ8GBとGPU 8GBはそのままで、SSDは512GBに増量して購入しました。事前
の評判どおり、Appleシリコンのバッテリー持ちは驚異的で、WebブラウズやYouTubeの視聴程度では、メニューバーのバッテリーの％表示をする意味がなく、in
tel Macとは全く次元が違います。ファンレスで内部がホコリで汚染されないのも気に入りました。購入してよかったですMacBook
Airの使用用途は、Excelの表計算、SafariのWebブラウズ、メールやLINEでのやり取り、FileMaker Proでのデータベース作成、Keynot
eでのプレゼン、Zoom会議、Photoshopでの簡単な画像加工、FaceTimeでのビデオ電話、といった、ごくごく一般的な用途(？)です。動画編集は、たまに
iMovieで行う程度です。購入して2週間が経過しましたが、危惧していたメモリ不足を感じた局面はありませんでした。Zoomで画面共有しながらKeynoteでプレ
ゼンをしたときに、メモリスワップが発生していたようですが、全く気付きませんでした。YouTubeのMax Techさんの検証を拝見すると「SSD 256GBでは
NANDチップが1個でRAID効果が得られず速度低下を来たす、512GBはチップが2個なので速度低下なし」とのことですが、何年も使うに当たってSSD容量256G
Bでは心許なく、また仮想メモリでスワップが発生したときでも読み書きが高速なら多分安心、ということで、メモリ8GB＋SSD 512GBというのが、ちょうどよい落と
し所ではないでしょうか？その他の感想ですが、購入前はこれはちょっと、と思っていたノッチは、実際に使うと、全く気になりませんでした。メニューバーのど真ん中って、そ
ういえば、あまり使わない部分ですし、Photoshopのようなメニューバーの表示項目が多いアプリはノッチを避けて表示されるので、とくに問題ないと思いましたあと、
液晶モニタのヒンジ部分に移行したスピーカーですが、聴いた感じ、60Hz以下の低音は出ていないような印象で、ウーファーの効果はあまり期待しないほうがよいと思います
(スペアナで測定するとちゃんと60Hz以下の低音も出力されているようですが)。音場の拡がりもあまり感じられませんが、AppleMusicでDolby
Atmos対応の音源を再生すると一気に音場が拡がるので、このスピーカーの評価は、これからのAppleのお手並み拝見といったところでしょうか"
No.86 : ,"キーボードからの入力ができません！！つまり全く使えません。カードに全額返金をお願いします。Apple製品を買ってこんなことは初めてです。御社の誠意ある対応を望
みます。初期不良品が入っているリスクが高いです。Apple製品は、やはりApple Storeでの購入をオススメします。"
No.87 : ,"販売ページにキーボードの種類についての記載は2023/04/01時点でありませんでしたが実際に届いたのはJISキーボードでした。返品しようとしたところ返品不可
でした。悔しいですがご注意ください。"
No.88 : ,返品を要求したが応えてもらえなかった。
No.89 : ,動きがスムーズで使いやすかった。
No.90 : ,指紋のつけやすさはiPhone3G以来最強
No.91 : ,"USB-Cが主流になるのはわかるが、MacBook本体にUSB-Cしかないのは地味に不便。Macの価値の中にはスタイリッシュ感が少なからずある。だから変換アダ
プタを外付けするのが嫌だなと感じてしまう。しかしスキャナーやプリンターなどの周辺機器はまだまだUSB-
Aが多いので都度アダプタを用意しなければならず面倒くさいと感じた。1口くらいAタイプを残してくれても良かったんじゃないか？と思う。USB-Cも左側にしかないのも
ちょっと不便を感じた。スペック的な話ではM2にしたら感動的な進化があるか？と聞かれたらそこまででもないかなと思いました。ただそれはネガティブな意味ではなく、もと
もとM1の性能が高いから、PCをヘビーな使い方しない私のような人にはどちらでも不便を感じないという意味です。わざわざM1から買換え必須というほどではないかという
感じです。とはいえ当然、前より処理能力が上がってストレスなく使えてます。良い買い物だったと思います。"
No.92 : ,"1. パフォーマンスM2チップを搭載したこのMacBook Proは、非常に高速な動作を誇ります。複数のアプリケーションを同時に動作させても、その速度は全く落
ちません。動画編集やグラフィックデザインの作業には特に最適です。2.
キーボードとトラックパッドキーボードの打鍵感は非常に良く、長時間のタイピングでも疲れを感じさせません。トラックパッドも反応が良く、非常に使いやすいです。3.
価格確かに価格は少し高めですが、その高性能と使い心地を考慮すると、納得の価格だと感じます。総評13インチMacBook Pro (M2)は、高性能で使い心地の良
いノートPCです。特にパフォーマンス、キーボードとトラックパッドの使い心地、そして価格のバランスが優れています。購入を検討している方には、この製品を強くおすすめ
します。"
No.93 : ,"初代MacBook Airから使い続けてきたので、周りが薄く、中心が厚い、丸味のあるスタイルが好きでした。今回、真っ平らになってしまったのがちょっと残念。ノー
トブックは、デザインも大切ですからね。でも、スターライトのカラーは大満足。金色とも違う、本当に美しい色です。M2の威力は凄いです。どんなアプリもサックサク。古い
アプリが使えなくなってしまったのは残念ですが、そりゃまあ、何年も経ってますから、いい加減買い換えろと言うことでしょう。使えなくなったアプリ以外は、音楽やら写真や
ら、ほぼ全自動であっさり移行できました。Macならでは、でしょうか。メモリの使用量を見ていると、大量に食いまくっていましたので、最初から多めにした方がいいかも。
8GBでもキツい時代になってしまったんですね。Thunderboltポート2つの他に電源ポートがあるので、外部接続で困ることはありません。ただ、今まで使っていた
USB機器が、変換器をかまさなくてはいけなくなりましたが。画面は横長ではないので、映画やテレビの映像は、13.6インチをフルに使えるわけではありません。ちょっと
もったいない。"
No.94 : ,"タイトルの通り、死ぬほど迷いました。が、結局Airを選びました。職業がライターなのですが、1ヶ月使ってみての感想としては、これまでの躯体に慣れていたため、タイ
ピングで違和感があるということです。実際にタイピング速度を測ってみたところ、10％以上の差で落ちていました。ミスも増えています。慣れれば戻るかもしれませんが、今
のところタイピングについては結構使いにくいです。動画の画質（AirはLiquid
RetinaでGOOD）やバッテリー持ち（Proのが上）、ファンの有無（Proのみ搭載）などについては他の人がYou Tubeでレビューしている通りになります。
・縦に長くなったぶん、今まで使っていたMacbookよりタッチパッドが少し大きくなり（Macbook12インチや10年前の11インチAirと比べて）、タイピング
中に誤って触れて入力確定されてしまうことがある。・手が疲れる。キーボードが薄くなって打鍵感がなくなっているせいか、押し込みすぎてしまう（？）。13インチMacB
ook PROと比べてキーボードやタッチパッドの大きさはさほど変わってない。しかし、薄くなっているぶん、頼りなさを感じて指を深めに入れてしまうのかもしれない。微
妙な違いの積み重ねなので、タイピングを生業としている人にしかわからない。【追記】4ヶ月ぐらい使用したところ、スペースキーが沈み込み始めました。変換時にキーを意識
的に押し込まないとやりづらくなってます。しかも、こちらのPCはタイピングメインではあまり使っていないにもかかわらず・・・。こんどアップルストアに持っていく予定で
す。"
No.95 : ,"25分ほどの動画を4K60Pで書出しましたがAirのくせに18分ほどで終わりました。これがM2ultraなら相当処理が速いのを実感しました。256model遅
い問題あると思いますが実際体感では遅さは感じられませんでした（個人差あり）。シネベンチR23はマルチコアで8300以上の数値が出ました（背面発熱46℃）低電力モ
ードを使用して計測するとマルチコア4200程でした（背面発熱39℃）"
No.96 : ,"M2 MacBook Airのディスプレイが10億色に対応しているので、めっちゃ綺麗です！厚さも頭がおかしくなるほど薄いです。特にディスプレイ側です！バッテリ
ー持ちもすごくて、今まで使っていたパソコンは電源を繋げたまま使用していたのに対して、今回購入したM2 MacBook
Airは3日に1度の頻度で充電しているので、ストレスフリーです。さすが世界の時価総額1位のAppleですね！"
No.97 : ,"新色に魅了して買いましたが。スペースグレイやシルバーの方が正解だと思います。指紋目立つし綺麗にしようとする度に最初からの塗装剥がれに気付きショックを受けました
。どーせAppleさんは交換などしてくれることもないと諦めてますが…スペースグレイにすればよかった…"
No.98 : ,"電源ONの立ち上がり速度は携帯と同等で、YouTube開く時も瞬時に再生されます。iPad第7世代使ってますが、それより少し速いくらい。画面の綺麗さもこのiP
adより綺麗です。手持ちのiPhone12と同じくらい。充電の減りはiPadと似たとこがあります。でも2時間半で満充電になるのでちょっと出掛けてる間に充電完了し
そうなスピードです。Windowsだけの知識しかなかったので操作方法は慣れるのに苦労しました。でもcommand➕wで今開いてるウィンドウを閉じるとか指2本で右
スワイプで戻る、左スワイプで進むとか、YouTubeでよく使う動作が分かってきてから益々MacBookが好きになってきました。もっさもっさした動きが目立ったWi
ndowsにはもう戻れないですねこりゃ…"
No.99 : ,"買って、今日使おうとしたら、キーボードから入力が全く出来ません。初期不良品でした。何台ものApple製品を買って来ましたが、こんな経験は初めてです。この商品は
、Amazonが、販売してるので、返品、返金できないのですか？　正規品のはずですね。Amazonカスタマーセンターに連絡しています。どんな対応されたか、また報告
します。→Appleカスタマーサポートを紹介されて、連絡が取れました。漢字かな変換で、Googleを使っていたのが原因だったようで、削除するとキーボード入力でき
るようになりました！不良品ではありませんでした。まだ使っていないので、使用感は保留ということで星３つです。"
No.100 : ,8年前のMacproを使用していたので薄さと早さにビックリしています。素晴らしい。
